pelicula_id,ano,responsable,monto,institucion,tipo,titulo,salas,copias,publico,,,,,,,
48,2008,PRODUCTORA CLAROSCURO LTDA.,3476204,corfo,Ficcion,SEIS,1,4,676,,,,,,,
49,2009,Comercializadora BF Ltda,14999168,corfo,Ficcion,Grado 3,10,60,240716,,,,,,,Roberto Artiagoitía
50,2009,Olguín y Compañía Ltda.,7189480,corfo,Ficcion,Solos,5,21,6997,,,,,,,Jorge Olguín
51,2008,GAVIOLA Y GARCÍA PRODUCCIONES DE CINE Y TELEVISIÓN LTDA,49999783,fondart,Ficcion,Teresa,8,9,12451,,,,,,,
51,2009,Gaviola y García Ltda.,14233000,corfo,Ficcion,Teresa,8,9,12451,,,,,,,Tatiana Gaviola
52,2006,CINEMBARGO COMUNICACIONES CINE TELEVISION LTDA.,38000000,fondart,Ficcion,CASA DE REMOLIENDA,11,20,74244,,,,,,,
52,2007,CINEMBARGO COMUNICACIONES CINE Y TV LTDA,14454350,corfo,Ficcion,CASA DE REMOLIENDA,11,20,74244,,,,,,,
53,2007,JIRAFA LTDA,2712761,corfo,Ficcion,EL ASESINO ENTRE NOSOSTROS,1,1,141,,,,,,,
54,2006,TERRANOVA PRODUCCIONES LTDA,2532500,corfo,Ficcion,EL MAGNIFICO,,,,,,,,,,
55,2007,ASESORIAS Y PRODUCCIONES FABULA LIMITADA,41216600,fondart,Ficcion,LA VIDA ME MATA,5,13,9202,,,,,,,
55,2007,ASESORIAS Y PRODUCCIONES FABULA LTDA,15250000,corfo,Ficcion,LA VIDA ME MATA,5,13,9202,,,,,,,
56,2007,LOS FILMES DE ARCADIA LTDA,9743675,corfo,Ficcion,FIESTA PATRIA,9,15,8794,,,,,,,
59,2007,PRODUCCIONES AUDIOVISUALES PUEBLO LTDA,16000000,corfo,Ficcion,RADIO CORAZÓN,13,58,368253,,,,,,,
60,2006,CHILECHITA PRODUCCIONES E INVERSIONES LTDA,14521120,corfo,Ficcion,EL REY DE LOS HUEVONES,12,47,309534,,,,,,,
61,2006,BAZUCA FILMS LTDA,13991086,corfo,Documental,EL REY DE SAN GEGORIO,5,12,5811,,,,,,,
62,2006,DISTRIBUIDORA MC FILMS S.A.,14338962,corfo,Ficcion,FUGA,10,28,100067,,,,,,,
63,2006,CHILECHITA PRODUCCIONES E INVERSIONES LTDA,14314700,corfo,Ficcion,KILTRO,8,29,55394,,,,,,,
64,2006,PRODUCTORA HORAMAGICA LTDA,14335831,corfo,Ficcion,LA SAGRADA FAMILIA,8,19,37425,,,,,,,
66,2005,PRODUCCIONES AUDIOVISUALES CACO LIMITADA,,fondart,Ficcion,PADRE NUESTRO,9,20,37.214,,,,,,,
66,2006,PRODUCCIONES AUDIOVISUALES CACO LTDA,14580000,corfo,Ficcion,PADRE NUESTRO,9,20,37214,,,,,,,
70,2007,PRODUCCIONES HORA MAGICA LIMITADA,124346215,fondart,Ficcion,NAVIDAD,4,12,2070,,,,,,,
70,2009,Producciones Hora Mágica Ltda,14830000,corfo,Ficcion,Navidad,4,12,2070,,,,,,,Sebastián Lelio
75,2006,BAZUCA FILMS LTDA,14277947,corfo,Ficcion,EN LA CAMA,17,22,50114,,,,,,,
90,2010,PROMOCINE LTDA.,49626295,fondart,,AUSENTE,,,,,,,,,,
94,2009,BF Distribution,4841120,corfo,Documental,Retrato de un Antipoeta,6,7,2766,,,,,,,Victor Jiménez Atkin
108,2009,Azul Films S.A,13850000,corfo,Ficcion,Dawson Isla 10,11,20,93829,,,,,,,Miguel Littin
108,2007,AZUL FILMS S.A.,135000000,fondart,Ficcion,ISLA 10,11,20,93829,,,,,,,
114,2011,Angel Films Limitada,10738352,corfo,Ficcion,Sangre Eterna,10,24,82554,,,,,,,
123,2008,MC FILMS S.A.,14114865,corfo,Ficcion,31 MINUTOS LA PELICULA,26,41,218376,,,,,,,Pedro Peirano y Alvaro Díaz
125,2007,CHILE PUEDE PRODUCCIONES LTDA,15804231,corfo,Ficcion,CHILE PUEDE,9,47,74848,,,,,,,
126,2008,COMERCIALIZADORA BF LTDA.,13865000,corfo,Ficcion,DESIERTO SUR,8,12,9630,,,,,,,
127,2006,JIRAFA LTDA.,56998293,fondart,Ficcion,"EL CIELO, LA TIERRA Y LA LLUVIA",6,3,3260,,,,,,,
127,2008,MC FILMS,10000000,corfo,Ficcion,"EL CIELO, LA TIERRA Y LA LLUVIA",6,3,3260,,,,,,,
128,2007,SURICATO,111112153,fondart,,SECRETOS,9,9,9877,,,,,,,
130,2008,BF DISTRIBUTION LTDA.,14550000,corfo,Ficcion,MUÑECA,6,15,16162,,,,,,,
132,2008,COMERCIALIZADORA BF LTDA (BF LTDA),14728555,corfo,Ficcion,MIRAGEMAN,11,31,80836,,,,,,,Ernesto Díaz Espinoza
135,2006,PRODUCCIONES AUDIOVISUALES DELIRIO FILMS LIMITADA,56136699,fondart,Ficcion,EL REGALO,18,34,206772,,,,,,,
135,2008,PRODUCCIONES AUDIOVISUALES DELIRIO FILMS LTDA.,14150000,corfo,Ficcion,EL REGALO,18,34,206772,,,,,,,
136,2006,P+O LTDA,2191944,corfo,Documental,WELCOME TO NEW YORK,,,,,,,,,,
137,2010,Producciones Sobras.com S.A,13074190,corfo,Ficcion,Santos,6,33,7652,,,,,,,
139,2008,QUALITY FILMS S.A,15000000,corfo,Ficcion,LO BUENO DE LLORAR,,,,,,,,,,
140,2008,CINECORP LTDA,15000000,corfo,Ficcion,LOKAS,13,40,123837,,,,,,,Gonzalo Justiniano
141,2008,ASESORIAS Y PRODUCCIONES FABULA LTDA,15316667,corfo,Ficcion,TONY MANERO,12,24,88124,,,,,,,Pablo Larraín
144,2008,Fernando Valenzuela y Cía Ltda,5488100,corfo,Documental,1973 Revoluciones por minuto,2,12,1125,,,,,,,Fernando Valenzuela
145,2008,BF DISTRIBUTION LTDA.,11680000,corfo,Ficcion,EL BRINDIS,7,25,20998,,,,,,,Shai Agosi
147,2006,ANDRES WOOD PRODUCCIONES S.A.,57000000,fondart,Ficcion,LA BUENA VIDA,13,23,41126,,,,,,,
147,2008,WOOD PRODUCCIONES,14937500,corfo,Ficcion,LA BUENA VIDA,13,23,41126,,,,,,,
148,2005,ESTEBAN SCHROEDER Y CIA. LTDA.,,fondart,Ficcion,MATAR A TODOS,8,8,3.489,,,,,,,
148,2008,LOS FILMES DE ARCADIA,12900000,corfo,Ficcion,MATAR A TODOS,8,8,3489,,,,,,,
149,2008,LOS FILMES DE ARCADIA LTDA.,9280000,corfo,Documental,RAZA BRAVA,6,10,7982,,,,,,,
150,2008,Klan Producción S.A.,2426760,corfo,Documental,Héroes Frágiles ,,,,,,,,,,
152,2008,RETAGUARDIA FILMS,14500000,corfo,Ficcion,199 RECETAS PARA SER FELIZ,8,1,10465,,,,,,,
154,2008,MC FILMS S.A.,8990630,corfo,Ficcion,ALICIA EN EL PAIS,4,4,4148,,,,,,,
154,2006,ESTEBAN AMBROSIO LARRAIN ROA,35999995,fondart,Ficcion,ALICIA EN EL PAÍS,4,4,4148,,,,,,,
154,2007,ESTEBAN LARRAÍN ROA SERVICIOS AUDIOVISUALES E.I.R.L.,50000000,fondart,Ficcion,ALICIA EN EL PAÍS,4,4,4148,,,,,,,
157,2009,Comercializadora BF Ltda,13317314,corfo,Ficcion,Super,8,21,77116,,,,,,,"Fernanda Aljaro, Felipe del Rio"
242,2006,LA VENTURA LTDA,42664206,fondart,Ficcion,TURISTAS,6,7,5862,,,,,,,
242,2009,BF Distribution,11941400,corfo,Ficcion,Turistas,6,7,5862,,,,,,,Alicia Scherson
242,2008,PRODUCCIONES PLAY LTDA.,34929400,fondart,Ficcion,Turistas,6,7,5862,,,,,,,
244,2009,Jirafa Ltda.,14621836,corfo,Ficcion,Ilusiones Opticas,3,11,2193,,,,,,,Cristián Jiménez
244,2007,PRODUCTORA RETAGUARDIA FILMS LTDA,87727177,fondart,Ficcion,ILUSIONES ÓPTICAS,3,11,2193,,,,,,,
245,2007,JIRAFA LTDA.,108465654,fondart,Ficcion,HUACHO,4,4,654,,,,,,,
245,2009,Jirafa Ltda.,11520800,corfo,Ficcion,Huacho,4,4,654,,,,,,,Alejandro Fernández Almendras
253,2009,Jazz Films Producciones S.A,12250000,corfo,Ficcion,All Inclusive,3,,9382,,,,,,,Rodrigo Ortúzar
262,2009,Servicios Audiovisuales Francisco Hervé Espejo EIRL,7400072,corfo,Documental,El Poder de la Palabra,,,,,,,,,,
262,2005,FRANCISCO IGNACIO HERVÉ ESPEJO,,fondart,Documental,MICRO: CUESTIÓN DE ESCALA,,,,,,,,,,
274,2011,"PRODUCTORA AUDIOVISUAL DON QUIJOTE FILMS LTDA.,   ",84875329,fondart,,TE CREÍS LA MÁS LINDA... (PERO ME CAGASTE LA VIDA) ,3,1,24,,,,,,,
289,2007,MARCELA SAID,2255000,corfo,Documental,OPUS DEI,,,,,,,,,,
297,2011,Calderón y Fuenzalida Ltda,3240000,corfo,Ficcion,La Espera,3,1,211,,,,,,,Francisca Fuenzalida
299,2007,COMERCIALIZADORA BF LTDA.,14875000,corfo,Ficcion,NORMAL CON ALAS,4,15,11415,,,,,,,Coca Gómez
321,2005,PAROX S:A.,,fondart,,DESPUÉS DE LA DERROTA: CALLE SANTA FE,4,1,2543,,,,,,,
324,2007,"BARRIL, MORENO Y CIA LTDA",3765949,corfo,Documental,LA CIUDAD DE LOS FOTOGRAFOS,,,,,,,,,,
324,2005,SEBASTIÁN MORENO MARDONES,,fondart,Documental,LA CIUDAD DE LOS FOTÓGRAFOS,,,,,,,,,,
339,2006,PRODUCTORA RETAGUARDIA FILMS LTDA,1303678,corfo,Ficcion,OBRERAS SALIENDO DE LA FABRICA,,,,,,,,,,
343,2009,PERUT + OSNOVIKOFF LIMITADA,12615100,fondart,Documental,NOTICIAS,,,,,,,,,,
343,2010,Perut+Osnovikoff Ltda,6779664,corfo,Documental,Noticias,,,,,,,,,,
344,2009,Pozzola Producciones Ltda,7625453,corfo,Documental,Más allá de estos Muros,,,,,,,,,,
345,2006,RATES SORIANO LTDA.,56772705,fondart,Ficcion,A UN METRO DE TI,2,8,4896,,,,,,,
345,2010,Los Filmes de la Arcadia,13300657,corfo,Ficcion,A un Metro de Ti,2,8,5599,,,,,,,Daniel Henríquez
358,2010,Películas Plot Ltda.,11952888,corfo,Ficcion,Tercer Mundo,1,5,821,,,,,,,César Caro
361,2007,VALDIVIA FILM S.A.,112316338,fondart,,DESDE EL CORAZÓN,3,12,1825,,,,,,,
396,2007,ERRANTE PRODUCCIONES LTDA,4515421,corfo,Documental,"REINALDA DEL CARMEN, MI MAMA Y YO",,,,,,,,,,
397,2010,Servicios Audiovisuales Christian Aspee EIRL,14868425,corfo,Ficcion,Tendida Mirando las Estrellas,1,8,1699,,,,,,,Andrés Racz
482,2007,TIBURON PRODUCCIONES S.A.,74473043,fondart,,TIEMPOS MALOS,,,,,,,,,,
482,2011,"NÓMADA PRODUCCIONES E.I.R.L.,   ",24301573,fondart,,TIEMPOS MALOS ,,,,,,,,,,
603,2014,Globo Rojo Producciones Ltda.,6866775,corfo,Documental,Pueblo Chico Gente Grande,1,,38,,,,,,,Galut Alarcón y Chamila Rodríguez
635,2010,Jirafa Ltda.,8650000,corfo,Ficcion,Manuel de Ribera,,,,,,,,,,
641,2006,ANDRES WOOD PRODUCCIONES S.A.,3679000,corfo,Documental,"LA HIJA DEL GENERAL, MICHELLE BACHELET",2,1,710,,,,,,,María Elena Woo
731,2006,CINEDIRECTO PRODUCCIONES LIMITADA,35909738,fondart,Documental,MI VIDA CON CARLOS,,,,,,,,,,
731,2007,CINEDIRECTO PRODUCCIONES LIMITADA,44999280,fondart,Documental,MI VIDA CON CARLOS,,,,,,,,,,
753,2010,PAOLA ANDREA LATTUS RAMOS,49958013,fondart,,MITÓMANA,,,,,,,,,,
778,2008,ASESORÍAS Y PRODUCCIONES FABULA LIMITADA,124571200,fondart,Ficcion,POST MORTEM,7,21,20596,,,,,,,
778,2010,BF Distribution,14907410,corfo,Ficcion,Post Mortem,7,21,20579,,,,,,,Pablo Larraín
779,2008,CENECA PRODUCCIONES LTDA.,116000000,fondart,Ficcion,LA VIDA DE LOS PECES,8,14,33381,,,,,,,
779,2010,BF Distribution,15000000,corfo,Ficcion,La Vida de los Peces,8,14,33283,,,,,,,Matías Bize
780,2010,BF Distribution,13475000,corfo,Ficcion,Que pena tu vida,7,33,94044,,,,,,,Nicolás López
781,2011,Jirafa Ltda.,12301111,corfo,Ficcion,Gatos Viejos,9,8,6158,,,,,,,Sebastián Silva y Pedro Peirano
782,2011,Comercializadora BF Limitada,14944287,corfo,Ficcion,BabyShower,7,20,65804,,,,,,,Pablo Illanes
783,2010,Edgardo Viereck Salinas EIRL,10500000,corfo,Ficcion,Schopsui,1,1,9,,9,,,,,Edgardo Viereck
785,2008,PERUT + OSNOVIKOFF LIMITADA,27329776,fondart,Documental,LA MUERTE DE PINOCHET,3,4,428,,,,,,,
785,2011,Perut+Osnovikoff Ltda,8965222,corfo,Documental,La Muerte de Pinochet,3,4,415,,,,,,,Iván Osnovikoff y Bettina Perut
786,2011,Jirafa Ltda.,9687213,corfo,Documental,Nostalgia de la Luz,4,8,4166,,,,,,,Patricio Guzmán
787,2011,Comercializadora BF Limitada,13499035,corfo,Ficcion,El Limpiapiscinas,8,20,40907,,,,,,,José Luis Guridi
788,2010,BF Distribution,14947222,corfo,Ficcion,"Mitos y Leyendas, la Nueva Alianza",3,27,9586,,,,,,,José Luis Guridi
789,2009,JUAN IGNACIO SABATINI MUJICA,45029669,fondart,Documental,OJOS ROJOS,9,25,118969,,,,,,,
789,2010,"Sallato, Larraín y Sabatini Ltda.",13621566,corfo,Documental,Ojos Rojos,9,25,119037,,,,,,,"Juan Ignacio Sabatini, Juan Pablo Sallato, Ismael Larraín"
791,2010,NILES JAMIL ATALLAH GONSALVES,27778757,fondart,Ficcion,LUCÍA,1,1,13,,,,,,,
791,2011,Niles Atallah Goncalves EIRL,9647169,corfo,Ficcion,Lucía,1,1,13,,,,,,,
792,2007,PERELMAN Y DEL RIO PRODUCCIONES CINEMATOGRÁFICAS LTDA,74989191,fondart,Ficcion,LA LECCIÓN DE PINTURA,7,2,2178,,,,,,,
792,2012,Perelman y Del Río Producciones Cinematogrñaficas Ltda,10584000,corfo,Ficcion,La lección de pintura,7,2,2178,,,,,,,Pablo Perelman
849,2008,LOS FILMES DE ARCADIA,9650000,corfo,Ficcion,PROHIBIDO PROHIBIR,5,5,5185,,,,,,,Jorge Durán
888,2010,Zoo Film & Multimedios,9570200,corfo,Documental,A la Sombra del Moai,1,,49,,,,,,,Lorenzo Moscia
890,2010,Productora Aplaplac Ltda.,7797808,corfo,Documental,El Edificio de los Chilenos,6,3,864,,,,,,,Macarena Aguiló y Susana Foxley
898,2010,BF Distribution,13841063,corfo,Ficcion,Drama,5,11,6256,,,,,,,Matías Lira
949,2012,Promoción de Cine Ltda,10397512,corfo,Ficcion,Bahía Azul,2,2,247,,,,,,,Nicolás Acuña
1050,2011,"Noe, Ceppi y Louit compañía Limitada",9140356,corfo,Documental,"Portales, La última Carta",,,,,,,,,,
1098,2008,PRODUCCIONES CINEMATOGRAFICAS UMANA LIMITADA,125000000,fondart,Ficcion,MI ULTIMO ROUND,7,4,1897,,,,,,,
1098,2012,Andres Wood Producciones S.A.,11098000,corfo,Ficcion,Mi último Round,7,4,1897,,,,,,,Julio Jorquera
1170,2011,Proyecta Producciones Limitada,7114750,corfo,Documental,Electrodomésticos,2,1,54,,,,,,,Sergio Castro San Martin
1170,2011,"PROYECTA PRODUCCIONES,   ",18111914,fondart,Documental,ELECTRODOMESTICOS ,2,1,54,,,,,,,
1171,2007,PRODUCTORA CINEMATOGRAFICA OJOFILM SOCIEDAD VARELA CERDA LTDA,52929710,fondart,,NEWEN MAPU CHE,1,2,95,,,,,,,
1176,2011,Malaparte Producciones Ltda,5500758,corfo,Ficcion,Perro Muerto,3,2,99,,,,,,,Camilo Becerra
1192,2009,LORENA ALEJANDRA GIACHINO TORRÉNS,63542453,fondart,Documental,EL GRAN CIRCO POBRE DE TIMOTEO,5,7,901,,,,,,,
1192,2014,Errante Producciones Ltda.,6766110,corfo,Documental,El gran circo pobre de Timoteo,2,7,1450,,,,,,,Isabel Ayguavives
1200,2008,CARLA VALENCIA DAVILA,41922868,fondart,,ABUELOS,,,,,,,,,,
1205,2014,Dávila y Stindt Imágenes Ltda.,8400000,corfo,Ficcion,"Aquí estoy, aquí no",2,,1599,,,,,,,Fernando Lasalvia
1236,2010,Bernardo Palau EIRL,6559420,corfo,Ficcion,Salvarte,,,,,,,,,,
1261,2011,Luis R. Vera Producciones EIRL,3276500,corfo,Documental,La Independencia Inconclusa,,,,,,,,,,
1344,2011,Alter Producciones Audiovisuales Ltda,6157185,corfo,Documental,El Tesoro de América - El oro de Pascua Lama,,,,,,,,,,
1344,2009,ALTER PRODUCCIONES AUDIOVISUALES LIMITADA,74452386,fondart,Documental,EL TESORO DE AMERICA- EL ORO DE PASCUA LAMA,,,,,,,,,,
1377,2013,Esteban Larraín Roa Servicios Audioviduales EIRL,12740910,corfo,Ficcion,La pasión de Michelangelo,6,18,8218,,,,,,,Esteban Larraín
1377,2009,PIRANHA FILMS EIRL,115262500,fondart,Ficcion,La pasión de Michelangelo,6,18,8218,,,,,,,
1378,2010,PRODUCCIÓN Y DISTRIBUCIÓN DE CINE JIRAFA LIMITADA,125000000,fondart,Ficcion,BONSAI,10,6,4333,,,,,,,
1378,2012,Jirafa Ltda,12354111,corfo,Ficcion,Bonsai,11,6,4333,,,,,,,Cristián Jiménez
1379,2011,Comercializadora BF Limitada,15000000,corfo,Ficcion,Violeta se fue a los cielos,16,21,387443,,,,,,,Andrés Wood
1379,2009,ANDRES WOOD PRODUCCIONES S.A.,138315000,fondart,Ficcion,"VIOLETA, SE FUE A LOS CIELOS",24,21,389216,,,,,,,
1380,2012,Comercializadora BF Limitada,12451440,corfo,Ficcion,El año del tigre,7,10,2959,,,,,,,Sebastián Lelio
1380,2011,"LELIO Y MAZA LIMITADA,   ",25000000,fondart,Ficcion,EL AÑO DEL TIGRE ,6,10,2924,,,,,,,
1382,2009,PICARDÍA FILMS PRODUCCIONES LTDA.,123000000,fondart,Ficcion,SAL,5,16,4562,,,,,,,
1382,2012,Comercializadora BF Limitada,13792713,corfo,Ficcion,Sal,6,16,4579,,,,,,,Diego Rougier
1386,2012,Producción y Distribución de Cine Jirafa Ltda.,14639611,corfo,Ficcion,Miguel San Miguel,4,13,9149,,,,,,,Matías Cruz
1391,2008,ASESORIAS Y PRODUCCIONES FABULA LIMITADA,149464840,fondart,Ficcion,SINDROME DE ULISES,3,3,655,,,,,,,
1391,2011,Comercializadora BF Limitada,13077620,corfo,Ficcion,Ulises,2,3,584,,,,,,,Oscar Godoy
1392,2011,Marcela Paz Said Cares,9270000,corfo,Documental,El Mocito,5,3,1233,,,,,,,Marcela Said y Jean de Certeau
1393,2007,PRODUCCIONES AUDIOVISUALES A ESCALA HUMANA LTDA.,83927526,fondart,Ficcion,EL CIRCUITO DE ROMÁN,4,3,231,,,,,,,
1393,2012,Producciones Audiovisuales a Escala Humana Ltda.,8960105,corfo,Ficcion,El Circuito de Román,4,3,231,,,,,,,
1395,2013,Errante Producciones Ltda.,7486341,corfo,Documental,El Salvavidas,3,3,221,,,,,,,Maite Alberdi
1429,2009,Constanza Fernandez Producciones EIRL,3818221,corfo,Ficcion,No me Pidas que no lo Lamente,,,,,,,,,,
1496,2009,SERVICIOS AUDIOVISUALES LIMITADA EL REMANSO CINE LTDA,115009775,fondart,Ficcion,SENTADOS FRENTE AL FUEGO,3,3,579,,,,,,,
1496,2012,Servicios Audiovisuales Ltda.,10393000,corfo,Ficcion,Sentados frente al fuego,3,3,579,,,,,,,Alejandro Fernández Almendras
1497,2010,PRODUCCIONES PLAY LTDA. (O LA VENTURA LTDA.),93780166,fondart,Documental,VERANO,,,,,,,,,,
1497,2012,Producciones Play Ltda.,6522500,corfo,Documental,Verano,,,,,,,,,,
1551,2008,IGENIO VISUAL S.A.,42498467,fondart,,LOCAS MUJERES,10,1,3052,,,,,,,
1664,2007,PAROX SOCIEDAD ANÓNIMA,31411118,fondart,Documental,HIJA,4,4,161,,,,,,,
1664,2011,Servicios Audiovisuales María Paz Gonzalez Guzmán EIRL,7763359,corfo,Documental,Hija,4,4,160,,,,,,,María Paz González
1667,2011,Comercializadora BF Limitada,15000000,corfo,Ficcion,Que pena tu boda,10,39,200679,,,,,,,Nicolás López
1690,2012,Constanza Fernández Producciones EIRL,6444404,corfo,Ficcion,Mapa para conversar,3,4,236,,,,,,,Constanza Fernández Bertrand
1709,2011,Sahara Films Producciones S.A.,14998803,corfo,Ficcion,¿Alguién ha visto a Lupita?,3,17,1594,,,,,,,Gonzalo Justiniano
1709,2009,SAHARA FILMS PRODUCCIONES S.A.,149709192,fondart,Ficcion,ALGUIÉN HA VISTO A LUPITA,3,17,1594,,,,,,,
1717,2008,MAR HUMANO PRODUCCIONES AUDIOVISUALES EIRL,30000000,fondart,Documental,MAPOCHO,3,1,73,,,,,,,
1753,2012,Antipoder SpA,5955024,corfo,Documental,Palestina al Sur,,,,,,,,,,
1769,2011,Invercine,13725542,corfo,Ficcion,Bombal,8,15,15692,,,,,,,
1770,2012,Servicios Audiovisuales Ltda.,9352000,corfo,Ficcion,Zoológico,2,2,61,,,,,,,Rodrigo Marín
1811,2007,PORTAL BASUALTO LTDA,4411670,corfo,Documental,MONOGAMO SUCESIVO,,,,,,,,,,
1837,2011,El Costillar Films Limitada,9333400,corfo,Ficcion,Dios me Libre,6,22,4503,,,,,,,Martín Duplaquet
1846,2012,Green Films S.A.,15000000,corfo,Ficcion,"Marcelo, la mafia y la estafa",5,14,954,,,,,,,Aníbal Herrera y Alejandro Salazar
1982,2009,ASESORIAS Y PRODUCCIONES FABULA LIMITADA,124559200,fondart,Ficcion,JOVEN Y ALOCADA,10,19,37982,,,,,,,
1982,2012,Comercializadora BF Limitada,14998896,corfo,Ficcion,Joven y Alocada,10,19,37982,,,,,,,Marialy Rivas
1991,2012,Afro Producciones Limitada,10695000,corfo,Ficcion,El lenguaje del tiempo,4,1,37,,,,,,,Sebastián Araya
2013,2012,Forastero Ltda,10800000,corfo,Ficcion,De Jueves a Domingo,5,7,3454,,,,,,,Dominga Sotomayor
2013,2010,PRODUCCIONES AUDIOVISUALES FORASTERO LTDA.,130352975,fondart,,DE JUEVES A DOMINGO,5,7,3454,,,,,,,
2037,2012,Cineanimadores S.A.,15000000,corfo,Ficcion,"Selkirk, el verdadero Robinson Crusoe",10,37,33198,,,,,,,Walter Tournier
2037,2008,CINEANIMADORES S.A.,118093088,fondart,Ficcion,"SELKIRK, LA VERDADERA HISTORIA DE ROBINSON CRUSOE",10,37,33198,,,,,,,
2038,2014,Servicios Comunicacionales Camilo Klein Hodar EIRL,7900000,corfo,Ficcion,Apio Verde,2,,2174,,,,,,,Diego Ayala Riquelme y Anibal Jofré
2048,2011,Servicios Audiovisuales Christian Jorge Aspee Aravena E.I.R.L.,13500000,corfo,Ficcion,La Noche de Enfrente,2,3,886,,,,,,,
2048,2011,"SURICATO E.I.R.L,   ",152783814,fondart,Ficcion,LA NOCHE DE ENFRENTE ,2,3,886,,,,,,,
2053,2012,Ceneca Producciones Ltda.,11758020,corfo,Ficcion,Carne de Perro,3,3,795,,,,,,,Fernando Guzzoni
2053,2011,"CENECA PRODUCCIONES,   ",90000000,fondart,Ficcion,CARNE DE PERRO ,3,3,795,,,,,,,
2054,2012,Tatiana Lorca Producciones Audiovisuales Ltda,6104056,corfo,Ficcion,La Mudanza,,,,,,,,,,
2080,2005,CHILEFILMS S.A.,,fondart,Ficcion,"CALEUCHE, EL LLAMADO DEL MAR",9,35,62.558,,,,,,,
2080,2012,Olguin y Compañía Ltda,15000000,corfo,Ficcion,"Caleuche, el llamado del mar",9,35,62.558,,,,,,,Jorge Olguín
2094,2012,Comercializadora BF Limitada,15000000,corfo,Ficcion,NO,11,56,211958,,,,,,,Pablo Larraín
2094,2011,"ASESORIAS Y PRODUCCIONES FABULA LIMITADA,   ",153000000,fondart,Ficcion,NO ,15,56,215929,,,,,,,
2108,2010,ALVARO (TEVO) RAFAEL GERMÁN DÍAZ RAMÍREZ,59570808,fondart,Ficcion,PENA DE MUERTE,2,2,61,,,,,,,
2109,2014,Ant Fire Productions SpA,13600000,corfo,Ficcion,Hijo del Trauco,6,18,4018,,,,,,,
2134,2012,CK Films Spa,13578424,corfo,Ficcion,Dónde vuelan los cóndores,,,,,,,,,,
2135,2012,El Paseo Digital Limitada,5690000,corfo,Documental,Las mujeres del pasajero,2,2,67,,,,,,,
2156,2012,Producciones Antonia Santa Maria Limitada,7776019,corfo,Ficcion,Pérez,2,,1234,,,,,,,Álvaro Viguera
2168,2009,PRODUCCIONES PLAY LTDA.,125000000,fondart,Ficcion,EL FUTURO,5,8,4712,,,,,,,
2168,2012,Producción y Distribución de Cine Jirafa Ltda.,14922875,corfo,Ficcion,EL FUTURO,5,8,4774,,,,,,,Alicia Scherson
2169,2012,Comercializadora BF Limitada,14848500,corfo,Ficcion,Que pena tu familia,6,48,192350,,,,,,,Nicolás López
2172,2013,Comerzializadora Market Chile Ltda.,12545000,corfo,Ficcion,Ulises Morales (ahora Morales el Reformador),4,3,1585,,,,,,,Víctor Cubillos
2211,2014,Comercializadora Market Chile Ltda.,7411200,corfo,Ficcion,El incontrolable mundo del azar,2,8,2190,,,,,,,Marcela Said Cares
2218,2012,Comercializadora BF Limitada,14880000,corfo,Ficcion,Paseo de Oficina,7,51,71415,,,,,,,Roberto Artiagoitía
2221,2014,Asesorías y Producciones Fábula Ltda.,14448000,corfo,Ficcion,09,5,,75251,,,,,,,Sebastián Badilla y Gonzalo Badilla
2224,2006,CATALINA VERGARA ARTHUR,31074913,fondart,Ficcion,LA ÚLTIMA ESTACIÓN,1,2,104,,,,,,,
2224,2012,Globo Rojo Producciones Limitada,7618952,corfo,Ficcion,La última estación,1,2,104,,,,,,,
2242,2010,MARÍA SOLEDAD SILVA ABRANETTO,49550535,fondart,,74 METROS CUADRADOS,,,,,,,,,,
2243,2013,Green Films S.A.,11595750,corfo,Documental,Tráiganme la cabeza de la mujer metralleta,3,13,2529,,,,,,,Ernesto Díaz
2254,2010,GILBERTO ANTONIO VILLARROEL ESCOBAR,90000015,fondart,Documental,ISIDORA AGUIRRE : DOY POR VIVIDO TODO LO SOÑADO,,,,,,,,,,
2273,2013,Invercine Producciones Ltda.,9282500,corfo,Ficcion,Las cosas son como son,4,5,2260,,,,,,,Fernando Lavanderos
2292,2012,Comercializadora BF Limitada,14552034,corfo,Ficcion,El Babysitter,8,31,82565,,,,,,,Sebastián Badilla y Gonzalo Badilla
2335,2012,CARNADA FILMS EIRL,35469845,fondart,,ROSITA: LA AMANTE DEL FÜHRER,,,,,,,,,,
2340,2010,JAIME MARCELO DÍAZ LAVANCHY ,70613969,fondart,,INHABITABLE,,,,,,,,,,
2347,2013,"Matías Pinochet García, prestación de servicios audiovisuales y publicitarios E.I.R.L.",7955450,corfo,Documental,"Los Rockers, rebelde Rock and Roll",2,1,26,,,,,,,
2377,2013,Comercializadora BF Limitada,13628589,corfo,Documental,Gloria,11,25,144717,,,,,,,Sebastián Lelio
2381,2014,Fundación CinemaChile,9500000,corfo,Ficcion,Crystal Fairy y el cactus mágico,3,13,4596,,,,,,,Manuel Basoalto
2403,2013,Green Films S.A.,13072222,corfo,Ficcion,Soy mucho mejor que vos,4,11,4289,,,,,,,Che Sandoval
2403,2014,Audiovisual Don Quijote Films Ltda.,9000000,corfo,Ficcion,Soy mucho mejor que vos,4,11,4289,,,,,,,Moisés Sepúlveda
2421,2014,Errante Producciones Ltda.,7011111,corfo,Documental,La Comunidad,2,1,45,,,,,,,Christopher Murray y Israel Pimentel
2475,2010,PRODUCCIÓN Y DISTRIBUCIÓN DE CINE JIRAFA LIMITADA,150000000,fondart,Ficcion,EL VERANO DE LOS PECES VOLADORES,3,6,2190,,,,,,,
2475,2014,Producción y Distribución Jirafa Ltda.,12813000,corfo,Ficcion,Verano de los peces voladores,3,6,2190,,,,,,,Nicolás López
2483,2015,Gian Carlo Nasi Cañas Producciones Audiovisuales,15236750,corfo,Ficcion,DESASTRES NATURALES,3,8,2457,,,,,,,Miguel Littin
2520,2013,Comercializadora BF Ltda,14999546,corfo,Ficcion,Barrio Universitario,11,53,367128,,,,,,,Esteban Vidal
2524,2013,Comerzializadora Market Chile Ltda.,5880000,corfo,Ficcion,Iglú,4,8,1289,,,,,,,Diego Ruiz
2525,2014,Globo Rojo Producciones Ltda.,7954450,corfo,Documental,Ver y Escuchar,1,1,3,,,,,,,Rodrigo Sepúlveda
2562,2014,Comercializadora Market Chile Limitada,14000000,corfo,Ficcion,El tío,4,22,9655,,,,,,,
2563,2014,Parox S.A.,10800000,corfo,Ficcion,El árbol magnético,2,7,1446,,,,,,,
2564,2014,Comercializadora Market Chile Limitada,2900000,corfo,Ficcion,I am from Chile,2,8,1661,,,,,,,Alan Fischer
2564,2012,GONZALO  DÍAZ UGARTE,26592252,fondart,,PUERTAS ADENTRO,,,,,,,,,,
2566,2014,Picardía Films Producciones Ltda.,9749000,corfo,Ficcion,Génesis Nirvana,3,7,2119,,,,,,,Alejandro Fernández Almendras
2580,2012,PLANTA PRODUCCIONES LIMITADA,30820894,fondart,Ficcion,Las Analfabetas,5,7,5292,,,,,,,
2580,2014,Planta Producciones Ltda.,10950000,corfo,Ficcion,Las Analfabetas,5,7,5292,,,,,,,Matías Pinochet
2588,2014,Fundación CinemaChile,11800000,corfo,Ficcion,Las niñas Quispe,4,7,1727,,,,,,,
2603,2014,Fundación CinemaChile,8180000,corfo,Ficcion,Raíz,2,7,1235,,,,,,,Sebastián Sepulveda
2604,2013,Comerzializadora Market Chile Ltda.,14830633,corfo,Ficcion,Promedio Rojo 2: Mis peores amigos,11,27,139011,,,,,,,Nicolás López
2607,2014,Científico Loco Producciones Limitada,3564775,corfo,Ficcion,Volantín Cortao,2,9,2174,,,,,,,Alejandro Lagos
2609,2010,IVÁN TZIBOULKA KIRILOV,42050255,fondart,,LAS HUELLAS DEL CHAITÉN,,,,,,,,,,
2637,2014,Comercializadora Market Chile Limitada,14750000,corfo,Ficcion,El Derechazo,5,67,108700,,,,,,,Rodrigo González Larrondo
2647,2014,Comercializadora Market Chile Ltda.,9549225,corfo,Ficcion,Mejor estar sólo,3,12,3649,,,,,,,
2678,2012,KUKU FILMS AUDIOVISUAL S.A.,162000000,fondart,Ficcion,BRILLANTES,6,40,28428,,,,,,,
2704,2014,Comercializadora Market Chile Limitada,14003646,corfo,Ficcion,Video club,5,31,16517,,,,,,,
2706,2014,Comercializadora Market Chile Limitada,13425256,corfo,Ficcion,Mamá ya crecí,5,36,74674,,,,,,,
2715,2014,Servicios Audiovisuales Limitada,14950000,corfo,Ficcion,Matar a un hombre,10,11,321146,,,,,,,José Miguel Zuñiga
2715,2011,"SERVICIOS AUDIOVISUALES LIMITADA,   ",153000000,fondart,Ficcion,MATAR A UN HOMBRE ,4,11,4425,,,,,,,
2738,2014,S 3D Spa,10390550,corfo,Documental,El sueño de todos,7,85,35440,,,,,,,Gonzalo Díaz Ugarte
2740,2013,Afro Producciones Ltda.,10100000,corfo,Ficcion,El lugar encantado,,,,,,,,,,
2741,2012,CHRISTOPHER   MURRAY GARCÍA,29996156,fondart,,MAPA FILMICO DE UN PAÍS,,,,,,,,,,
2741,2014,Diego Pino Comunicación Audiovisual EIRL,4932748,corfo,Documental,Propaganda,3,1,4423,,,,,,,Sebastián Silva
2744,2014,Agencia de Comunicaciones y Productora C Comunica Ltda,12950000,corfo,Ficcion,El Mago,1,15,1991,,,,,,,Hernán Caffiero
2760,2012,TREBOL 3 PRODUCCIONES LTDA,81297587,fondart,,"WE ARE SUDAMERICAN BEATS,LA HISTORIA DEL MOVIMIENTO ELECTRONICO EN CHILE",,,,,,,,,,
2781,2006,PRODUCTORA RETAGUARDIA FILMS LTDA,1303678,corfo,Ficcion,12 MINUTOS,,,,,,,,,,
2782,2013,Producciones y Asesorías Spondylus Ltda.,13875000,corfo,Ficcion,La Cacería,,,,,,,,,,
2785,2015,Punkrobot Estudio,18000000,corfo,Ficcion,HISTORIA DE UN OSO,,,,,,,,,,
2787,2013,Olguín y Compañía Ltda.,15000000,corfo,Ficcion,Voces del Bosque,,,,,,,,,,
2788,2011,"CENTRO CULTURAL ANTUMAPU,   ",112605788,fondart,,ROMANCE POLICIAL ,,,,,,,,,,
2827,2014,Mano de Obra Audiovisual Limitada,15000000,corfo,Ficcion,Héroes,5,,909,,,,,,,Lorena Giachino
2833,2014,Forastero Producciones Ltda,7500000,corfo,Ficcion,Aurora,3,9,3649,,,,,,,Matías Rojas
2835,2014,Comercializadora Market Chile Ltda,14980000,corfo,Ficcion,Fuerzas Especiales,10,61,317944,,,,,,,
2835,2015,MARKET CHILE,18000000,corfo,Ficcion,FUERZAS ESPECIALES ,10,61,317944,,,,,,,
2836,2015,Jirafa,18000000,corfo,Documental,LA VOZ EN OFF,2,8,770,,,,,,,Claudio Marcone
2837,2015,Forastero Producciones Audiovisuales ,14500000,corfo,Ficcion,NO SOY LORENA,2,6,651,,,,,,,Marcia Tambutti
2837,2012,FORASTERO PRODUCCIONES AUDIOVISUALES LIMITADA,96136371,fondart,Ficcion,R. LORENA,2,6,651,,,,,,,
2851,2015,Servicio y Producciones del Desarrollo Limitada,5354168,corfo,Ficcion,LA MADRE DEL CORDERO,3,5,842,,,,,,,
2853,2015,MARKET CHILE,18000000,corfo,Ficcion,ALLENDE EN SU LABERINTO,10,22,32814,,,,,,,Matias Lira
2861,2012,PRODUCCIONES EL PASEODIGITAL LIMITADA,101954862,fondart,Ficcion,VACACIONES EN FAMILIA,7,9,5166,,,,,,,
2861,2015,LIBÉLULA POST LTDA,14755000,corfo,Ficcion,VACACIONES EN FAMILIA,7,9,5166,,,,,,,Bernardo Quesney
2869,2014,Producciones Angélica Chamila Rodríquez Ávila EIRL,7504117,corfo,Documental,La invención de la patria,1,1,38,,,,,,,Isabel Miquel
2870,2012,GUTIERREZ Y ROJAS PRODUCCIONES LIMITADA,152317253,fondart,,LA VISITA,2,7,1672,,,,,,,
2877,2015,PRODUCCIÓN AUDIOVISUAL LUIS IGNACIO SMOK BUSTAMANTE E.I.R.L,5726188,corfo,Documental,RESPIRAR HELADO,7,,10233,,,,,,,Guillermo Amoedo
2885,2015,MARKET CHILE,6700000,corfo,Ficcion,REDENTOR,2,5,1135,,,,,,,
2897,2008,PAOLA ALEJANDRA CASTILLO VILLAGRAN,62854357,fondart,Documental,GENOVEVA,2,,770,,,,,,,
2897,2015,Errante Producciones Ltda.,7105000,corfo,Documental,GENOVEVA,2,,770,,,,,,,Cristián Jiménez
2899,2015,Words & Facts Films Ltda,3580885,corfo,Ficcion,LA COMODIDAD EN LA DISTANCIA,,,,,,,,,,
2900,2015,Maite Alberdi Soto Producciones EIRL,16891925,corfo,Ficcion,LA ONCE,11,8,16271,,,,,,,
2914,2015,Market Chile Limitada,16000000,corfo,Ficcion,LA MALDICIÓN,6,13,10168,,,,,,,
2916,2014,Invercine Producciones Ltda.,8550000,corfo,Ficcion,Los Jetas,2,3,635,,,,,,,José Luis Torres Leiva
3000,2013,Productora Barrera y Soto Ltda,4779192,corfo,Ficcion,Minero,,,,,,,,,,
3009,2012,PRODUCTORA OCIO LIMITADA,157250000,fondart,,EL BOSQUE,,,,,,,,,,
3009,2015,MARKET CHILE,18000000,corfo,Ficcion,EL BOSQUE DE KARADIMA,13,55,306209,,,,,,,
3010,2015,PRODUCCIONES STORYBOARD MEDIA ,5903123,corfo,Ficcion,LA MUJER DE BARRO,,,,,,,,,,
3011,2015,LA CASA ,18000000,corfo,Ficcion,EL CLUB,15,23,45093,,,,,,,Sergio Castilla
3014,2015,MARKET CHILE,18000000,corfo,Documental,EL BOTÓN DE NÁCAR,8,11,7418,,,,,,,
3021,2015,Errante Producciones Ltda.,13280000,corfo,Ficcion,ALENDE MI ABUELO ALLENDE,8,8,5758,,,,,,,Matías Bize
3021,2009,ERRANTE PRODUCCIONES LIMITADA ,69744428,fondart,,"LA OTRA CARA DE LA MONEDA, LA BÚSQUEDA DE MI ABUELO ALLENDE  ",8,8,5758,,,,,,,
3022,2015,PRODUCTORA TANTAN FILMS LIMITADA,10731647,corfo,Ficcion,EN LA GAMA DE LOS GRISES,5,8,3534,,,,,,,
3048,2015,AMORES EN EL SUR SPA,8619100,corfo,Ficcion,PERLA,5,19,16126,,,,,,,Claudia Barril y Sebastián Moreno
3060,2015,BARRIL MORENO Y COMPAÑÍA LIMITADA,9390000,corfo,Documental,HABEAS CORPUS,2,1,317,,,,,,,
3061,2011,"PERUT + OSNOVIKOFF LIMITADA,   ",57352398,fondart,Ficcion,SURIRE,14,,16268,,,,,,,
3061,2015,Perut + Osnovikoff Ltda,12649609,corfo,Ficcion,SURIRE,14,,16268,,,,,,,Maite Alberdi
3079,2015,Ceneca Producciones Ltda.,17956793,corfo,Ficcion,LA MEMORIA DEL AGUA,8,59,87246,,,,,,,Rosario Espinosa y Enrique Farias
3085,2008,MARIA ISABEL (COTI) DONOSO URRUTIA,25443140,fondart,Documental,CUANDO RESPIRO,2,,651,,,,,,,
3085,2015,BENGALA FILMS PRODUCCIONES ,11260863,corfo,Ficcion,CUANDO RESPIRO,2,,651,,,,,,,Isidora Marras
3100,2015,MARKET CHILE,17250000,corfo,Ficcion,ALMA,11,54,198429,,,,,,,
3120,2015,MARKET CHILE,13000000,corfo,Ficcion,LUSERS,6,45,54625,,,,,,,
3123,2015,Protagonista Films S.A,10286891,corfo,Ficcion,EL NOMBRE,9,,7418,,,,,,,Patricio Guzmán
3124,2015,La Ventana Cine Limitada,12552293,corfo,Documental,CHICAGO BOYS,8,7,11000,,,,,,,
3126,2011,"VIVIENNE BARRY ANIMACION PRODUCCIONES AUDIOVISUALES E.I.R.L,   ",81224168,fondart,,ATRAPADOS EN JAPON,,,,,,,,,,
3150,2015,La Casa Producciones Limitada,16000000,corfo,Ficcion,NASTY BABY,14,,199415,,,,,,,Diego Rougier
3164,2015,A Escala Humana,18000000,corfo,Ficcion,LA VIDA SEXUAL DE LAS PLANTAS,,,,,,,,,,
3169,2011,"PRODUCTORA AUDIOVISUAL DON QUIJOTE FILMS LIMITADA,   ",19997925,fondart,Documental,SALAM ,,,,,,,,,,
3172,2015,MARKET CHILE,10600000,corfo,Ficcion,SEDUCCION FATAL,7,,54663,,,,,,,Ticoy Rodriguez
3203,2015,MARKET CHILE,18000000,corfo,Ficcion,SIN FILTRO,3,,1135,,,,,,,Ernesto Díaz
3309,2012,CRISTÓBAL AZÓCAR MIRA,29583664,fondart,Documental,AGUA TURBIA,,,,,,,,,,
3316,2011,"SERVICIOS AUDIOVISUALES FRANCISCO HERVÉ ESPEJO EIRL,   ",80585690,fondart,Documental,LA CIUDAD DE LOS CÉSARES,,,,,,,,,,
3321,2014,Comercializadora Market Chile Limitada,14480484,corfo,Ficcion,Neruda Fugitivo,2,,6564,,,,,,,Javier Aguirrezabal
3419,2012,MARÍA TERESA LARRAIN NAVARRO PRODUCCIONES,57900000,fondart,,SHADOW GIRL,,,,,,,,,,
3428,2015,Nerco Producciones Limitada,10432100,corfo,Ficcion,DE REPENTE,8,,10996,,,,,,,Carola Fuentes y Rafael Valdeavellano
3458,2010,ALVARO DE LA BARRA PUGA,89134926,fondart,,VENÍAN A BUSCARME,,,,,,,,,,
3582,2013,Manuel Venegas Chaparro,6124602,corfo,Ficcion,Punto de Partida,1,,79,,,,,,,Manuel Venegas Chaparro
3800,2015,Afro Producciones Ltda,9880000,corfo,Ficcion,LA SALAMANDRA,,,,,,,,,,
0,2011,La Nenas Gestión y Producción Cultural Ltda.,7532500,corfo,Ficcion,Metro Cuadrado,,,,,,,,,,
0,2011,"LAS NENAS GESTIÓN Y PRODUCCIÓN CULTURAL,   ",9980468,fondart,Ficcion,METRO CUADRADO ,,,,,,,,,,
0,2011,Comercializadora BF Limitada,14331006,corfo,Ficcion,9,8,,181906,,,,,,,Juan Pablo Ternicier
0,2008,PATRICIA ANDREA BUSTOS PEÑAFIEL,37925026,fondart,,A ORILLAS DE LA CIUDAD,,,,,,,,,,
0,2013,"Sallato, Larraín y Sabatini Producciones Limitada",10086200,corfo,Documental,Adictos al claxon,,,,,,,,,,
0,2006,PATRICIO JAVIER MUÑOZ GUAJARDO,33197850,fondart,,ALICAHUE,,,,,,,,,,
0,2013,Invercine Producciones Ltda.,15000000,corfo,Ficcion,Bim Bam Bum,,,,,,,,,,
0,2015,Audiovisual Don Quijote Films Limitada,17010000,corfo,Ficcion,CHILE FACTORY,7,,4966,,,,,,,Ricardo Carrasco
0,2006,PRODUCCIONES AUDIOVISUALES Y GASTRONÓMICAS IDEAS EL ASOMBRO LTDA.,58651494,fondart,,CIRCO,,,,,,,,,,
0,2012,ALCE PRODUCCIONES SA,48761696,fondart,,CIRCO,,,,,,,,,,
0,2012,Producciones y Asesorías Spondylus Ltda,11759000,corfo,Ficcion,Cóndor,,,,,,,,,,
0,2015,Cooking the Continent,8941450,corfo,Documental,COOKING THE CONTINENT,,,,,,,,,,
0,2012,Paula Leonvendagar Hurtado Producciones EIRL,11657500,corfo,Ficcion,Creo,,,,,,,,,,
0,2012,ALTER PRODUCCIONES AUDIOVISUALES,33200000,fondart,,CUADERNOS DEL SUBSUELO,,,,,,,,,,
0,2008,MACARENA AGUILÓ MARCHI,49214393,fondart,Documental,"D-22, ALAMAR",,,,,,,,,,
0,2011,Jirafa Ltda.,9000000,corfo,Documental,Del Rock a la Eternidad,,,,,,,,,,
0,2006,CLAUDIO KRETZBERGER & CIA LTD,56302716,fondart,,DIEGO Y GLOT CONTRA LA CORPORACION,,,,,,,,,,
0,2011,"BRUNO, BETTATI SALVO ",63331043,fondart,,DOS DISPAROS,,,,,,,,,,
0,2011,"AZUL PRODUCCIONES S.A.,   ",74012981,fondart,,EL DEBER DE LA SONRISA ,,,,,,,,,,
0,2015,Jennifer Walton Buzada Producciones EIRL,4069111,corfo,Ficcion,EL HOMBRE NUEVO,,,,,,,,,,
0,2012,PRODUCTORA ATIEMPO LTDA.,145907200,fondart,,EL OJO DEL GATO,,,,,,,,,,
0,2011,ZOOFILMS Y MULTIMEDIOS PRODUCCIONES LTDA ,76400885,fondart,,EN BENEFICIO PROPIO ,,,,,,,,,,
0,2015,VALCINE,17964422,corfo,Ficcion,FABULOSAS FLORES,15,,45118,,,,,,,Pablo Larraín
0,2010,IGNACIO AGÜERO Y ASOCIADO,88542373,fondart,,GEOMETRÍA Y MISTERIO,,,,,,,,,,
0,2013,Producciones Macarena Andrea López Bergeret EIRL,5449999,corfo,Ficcion,Gleisdreieck,,,,,,,,,,
0,2015,Zumbastico Studios ,16400000,corfo,Ficcion,HORACIO Y LOS PLASTICINES,,,,,,,,,,
0,2006,OSCAR ANTONIO FERNÁNDEZ GARCÍA,8414357,fondart,,HUIREROS,,,,,,,,,,
0,2010,CORNUCOPIA PRODUCCIONES AUDIOVISUALES,75980989,fondart,,INMEDIAT SANTIAGO,,,,,,,,,,
0,2012,COMERCIAL PABLO CORTES SANTANDER,58442375,fondart,,"LAUTARO EDEN, UN HEROE INVISIBLE",,,,,,,,,,
0,2006,PRODUCTORA RETAGUARDIA FILMS LTDA,1303678,corfo,Ficcion,LLORANDO DEBAJO DEL AGUA,,,,,,,,,,
0,2006,PRODUCTORA RETAGUARDIA FILMS LTDA,1303678,corfo,Ficcion,LOBOS,,,,,,,,,,
0,2012,Valcine S.A.,8241550,corfo,Ficcion,Los Archivos del Cardenal y Cumpleaños,,,,,,,,,,
0,2012,OLGUINFILMS,119076433,fondart,,LOS ELEMENTALES,,,,,,,,,,
0,2015,Cinestación Ltda,5093210,corfo,Ficcion,MAR,2,,635,,,,,,,Emilio Romero
0,2015,Producciones y Asesorías SPONDYLUS Ltda,20685707,corfo,Ficcion,MONOCYCLE,,,,,,,,,,
0,2015,TREBOL 3 PRODUCCIONES LIMITADA,16717064,corfo,Ficcion,NAUFRAGIOS,,,,,,,,,,
0,2014,Producciones y Asesoráis Spondylus Ltda.,14275000,corfo,Ficcion,Pachapulai,5,,16699,,,,,,,Pablo Illanes
0,2010,CRISTÓBAL VICENTE CRUZ,24574455,fondart,Documental,PARASANG,,,,,,,,,,
0,2005,PRODUCCIONES AUDIOVISUALES DOSPASOS LIMITADA.,,fondart,,PEGA MARTÍN PEGA ,,,,,,,,,,
0,2010,MUCHAS GRACIAS LTDA.,124911206,fondart,,PERDÓN MAMÁ,,,,,,,,,,
0,2005,PINOCHETBOYS S.A.,,fondart,,PINOCHETBOYS,,,,,,,,,,
0,2012,AGENCIA DE COM. Y PRODUCTORA C COMUNICA LTDA.,148295563,fondart,Ficcion,PUERTO VIEJO,,,,,,,,,,
0,2007,FERNANDO VALENZUELA Y CIA. LTDA.,49962307,fondart,,SALVADOR,,,,,,,,,,
0,2012,ASESORÍAS Y PRODUCCIONES FABULA LIMITADA,148000000,fondart,,SENTIDO COMÚN,,,,,,,,,,
0,2009,"BARRIL, MORENO Y CIA. LTDA.",82989000,fondart,Documental,SIN ALMA,,,,,,,,,,
0,2007,MC FILMS S.A.,74930651,fondart,,SUDAMERICAN ROCKERS,,,,,,,,,,
0,2009,LUPE FILMS E.I.R.L.,63504116,fondart,,SYBILA,,,,,,,,,,
0,2015,Ojitos Producciones ltda.,2461000,corfo,Ficcion,TIKITIKLIP con elenco artesanal,8,,69590,,,,,,,Ernesto Díaz
0,2005,IGNACIO AGÜERO Y ASOCIADO LIMITADA,,fondart,,TINTA NEGRA,,,,,,,,,,
0,2011,ZETRA COMUNICACIONES S.A.,150000000,fondart,,TU NOMBRE ME SABE A HIERBA ,,,,,,,,,,
0,2007,ANTONIA ROSSI CHARNES,34798111,fondart,,UN NOMBRE PARA ANA,,,,,,,,,,
0,2008,PRODUCTORA AUDIOVISUAL,29753662,fondart,,UN NOMBRE PARA ANA,,,,,,,,,,
0,2006,PRODUCTORA RETAGUARDIA FILMS LTDA,1303678,corfo,Ficcion,VERNISSAGE,,,,,,,,,,
0,2010,Educación Interactiva Ltda,14628000,corfo,Documental,Viaje al Big Bang,,,,,,,,,,
0,2014,Productora Audiovisual Rosario Jiménez Gili EIRL,4395555,corfo,Documental,Vida con ciencia,2,,236,,,,,,,Francisca Silva
