Idcinechile,Ano,Titulo,Responsable,Monto,Tipo
,2005,¡ Pega Martín Pega !,Producciones Audiovisuales Dospasos Limitada.,,Fondart
,2005,Pinochetboys,Pinochetboys S.A.,,Fondart
2080,2005,"Caleuche, El Llamado Del Mar",Chilefilms S.A.,,Fondart
66,2005,Padre Nuestro,Producciones Audiovisuales Caco Limitada,,Fondart
148,2005,Matar A Todos,Esteban Schroeder Y Cia. Ltda.,,Fondart
,2005,Tinta Negra,Ignacio Agüero Y Asociado Limitada,,Fondart
321,2005,"""Después De La Derrota: Calle Santa Fe""",Parox S:A.,,Fondart
324,2005,La Ciudad De Los Fotógrafos,Sebastián Moreno Mardones,,Fondart
262,2005,Micro: Cuestión De Escala,Francisco Ignacio Hervé Espejo,,Fondart
127,2006,"El Cielo, La Tierra Y La Lluvia (Coprodux Chile-Francia/Rodaje 2006)",Jirafa Ltda.,56998293,Fondart
,2006,Alicahue,Patricio Javier Muñoz Guajardo,33197850,Fondart
242,2006,Turistas,La Ventura Ltda,42664206,Fondart
731,2006,Rodaje Mi Vida Con Carlos,Cinedirecto Producciones Limitada,35909738,Fondart
,2006,Diego Y Glot Contra La Corporacion,Claudio Kretzberger & Cia Ltd,56302716,Fondart
,2006,Circo,Producciones Audiovisuales Y Gastronómicas Ideas El Asombro Ltda.,58651494,Fondart
147,2006,La Buena Vida,Andres Wood Producciones S.A.,57000000,Fondart
135,2006,El Regalo,Producciones Audiovisuales Delirio Films Limitada,56136699,Fondart
345,2006,"""A Un Metro De Ti"" ",Rates Soriano Ltda.,56772705,Fondart
52,2006,Casa De Remolienda,Cinembargo Comunicaciones Cine Television Ltda.,38000000,Fondart
2224,2006,La Última Estación,Catalina Vergara Arthur,31074913,Fondart
,2006,Huireros,Oscar Antonio Fernández García,8414357,Fondart
154,2006,"""Alicia En El País""",Esteban Ambrosio Larrain Roa,35999995,Fondart
1171,2007,Newen Mapu Che,Productora Cinematografica Ojofilm Sociedad Varela Cerda Ltda,52929710,Fondart
244,2007,"""Ilusiones Ópticas""",Productora Retaguardia Films Ltda,87727177,Fondart
245,2007,Huacho ,Jirafa Ltda.,108465654,Fondart
361,2007,Desde El Corazón,Valdivia Film S.A.,112316338,Fondart
128,2007," ""Secretos""",Suricato,111112153,Fondart
70,2007,Navidad,Producciones Hora Magica Limitada,124346215,Fondart
1664,2007,Hija,Parox Sociedad Anónima,31411118,Fondart
55,2007,La Vida Me Mata,Asesorias Y Producciones Fabula Limitada,41216600,Fondart
,2007,Sudamerican Rockers,Mc Films S.A.,74930651,Fondart
,2007,"Alicia En El País, En Los Mejores Cines.",Esteban Larraín Roa Servicios Audiovisuales E.I.R.L.,50000000,Fondart
1393,2007," ""El Circuito De Román""",Producciones Audiovisuales A Escala Humana Ltda.,83927526,Fondart
,2007,Postproduccion Mi Vida Con Carlos,Cinedirecto Producciones Limitada,44999280,Fondart
108,2007,Isla 10 Coproduccion,Azul Films S.A.,135000000,Fondart
,2007,Salvador,Fernando Valenzuela Y Cia. Ltda.,49962307,Fondart
792,2007,La Lección De Pintura,Perelman Y Del Rio Producciones Cinematográficas Ltda,74989191,Fondart
,2007,Un Nombre Para Ana,Antonia Rossi Charnes,34798111,Fondart
482,2007,Tiempos Malos,Tiburon Producciones S.A.,74473043,Fondart
1200,2008,Abuelos,Carla Valencia Davila,41922868,Fondart
1391,2008,Sindrome De Ulises,Asesorias Y Producciones Fabula Limitada,149464840,Fondart
,2008,Un Nombre Para Ana,Productora Audiovisual,29753662,Fondart
778,2008,Post Mortem,Asesorías Y Producciones Fabula Limitada,124571200,Fondart
,2008,Post Produccion Turistas,Producciones Play Ltda.,34929400,Fondart
1098,2008,Mi Ultimo Round,Producciones Cinematograficas Umana Limitada,125000000,Fondart
785,2008,La Muerte De Pinochet,Perut + Osnovikoff Limitada,27329776,Fondart
1717,2008,Posproducción Documental Mapocho,Mar Humano Producciones Audiovisuales Eirl,30000000,Fondart
1551,2008,Locasmujeres,Igenio Visual S.A.,42498467,Fondart
2037,2008,"Selkirk, La Verdadera Historia De Robinson Crusoe",Cineanimadores S.A.,118093088,Fondart
51,2008,Yo Soy Teresa Wilms,Gaviola Y García Producciones De Cine Y Televisión Ltda,49999783,Fondart
779,2008,La Vida De Los Peces,Ceneca Producciones Ltda.,116000000,Fondart
,2008,"Documental ""D-22, Alamar"" - Postproducción",Macarena Aguiló Marchi,49214393,Fondart
,2008,A Orillas De La Ciudad,Patricia Andrea Bustos Peñafiel,37925026,Fondart
2897,2008,Genoveva,Paola Alejandra Castillo Villagran,62854357,Fondart
3085,2008,"Documental ""Cuando Respiro""",Maria Isabel (Coti) Donoso Urrutia,25443140,Fondart
1344,2009,El Tesoro De America- El Oro De Pascua Lama,Alter Producciones Audiovisuales Limitada,74452386,Fondart
2168,2009,"El Futuro",Producciones Play Ltda.,125000000,Fondart
1982,2009,Joven Y Alocada,Asesorias Y Producciones Fabula Limitada,124559200,Fondart
,2009,"Sin Alma","Barril, Moreno Y Cia. Ltda.",82989000,Fondart
1496,2009,"Sentados Frente Al Fuego",Servicios Audiovisuales Limitada El Remanso Cine Ltda,115009775,Fondart
1382,2009,Sal,Picardía Films Producciones Ltda.,123000000,Fondart
3021,2009,"La Otra Cara De La Moneda, La Búsqueda De Mi Abuelo Allende  ",Errante Producciones Limitada ,69744428,Fondart
1379,2009,"Violeta, Se Fue A Los Cielos",Andres Wood Producciones S.A.,138315000,Fondart
,2009,"Rodaje Y Postproducción ""Sybila""",Lupe Films E.I.R.L.,63504116,Fondart
1377,2009,La Virgen De Peñablanca,Piranha Films Eirl,115262500,Fondart
343,2009,Noticias,Perut + Osnovikoff Limitada,12615100,Fondart
1709,2009,"Alguién Ha Visto A Lupita",Sahara Films Producciones S.A.,149709192,Fondart
789,2009,Ojos Rojos,Juan Ignacio Sabatini Mujica,45029669,Fondart
1192,2009,El Gran Circo Pobre De Timoteo,Lorena Alejandra Giachino Torréns,63542453,Fondart
1378,2010,"Bonsai",Producción Y Distribución De Cine Jirafa Limitada,125000000,Fondart
2475,2010,"El Verano De Los Peces Voladores",Producción Y Distribución De Cine Jirafa Limitada,150000000,Fondart
,2010,Inmediat Santiago,Cornucopia Producciones Audiovisuales,75980989,Fondart
,2010,"Parasang",Cristóbal Vicente Cruz,24574455,Fondart
2108,2010,Pena De Muerte,Alvaro (Tevo) Rafael Germán Díaz Ramírez,59570808,Fondart
1497,2010,Verano,Producciones Play Ltda. (O La Ventura Ltda.),93780166,Fondart
,2010,De Jueves A Domingo,Producciones Audiovisuales Forastero Ltda.,130352975,Fondart
,2010,Perdón Mamá,Muchas Gracias Ltda.,124911206,Fondart
,2010,Geometría Y Misterio,Ignacio Agüero Y Asociado,88542373,Fondart
90,2010,"Ausente",Promocine Ltda.,49626295,Fondart
791,2010,Lucía,Niles Jamil Atallah Gonsalves,27778757,Fondart
2609,2010,Las Huellas Del Chaitén,Iván Tziboulka Kirilov,42050255,Fondart
2242,2010,74 Metros Cuadrados,María Soledad Silva Abranetto,49550535,Fondart
2340,2010,Inhabitable,Jaime Marcelo Díaz Lavanchy ,70613969,Fondart
3458,2010,Venían A Buscarme,Alvaro De La Barra Puga,89134926,Fondart
753,2010,Mitómana,Paola Andrea Lattus Ramos,49958013,Fondart
2254,2010,Isidora Aguirre : Doy Por Vivido Todo Lo Soñado. Largometraje Documental. ,Gilberto Antonio Villarroel Escobar,90000015,Fondart
,2011,"Dos Disparos","Bruno, Bettati Salvo ",63331043,Fondart
3061,2011,Surire ,"Perut + Osnovikoff Limitada,   ",57352398,Fondart
1170,2011,Electrodomesticos ,"Proyecta Producciones,   ",18111914,Fondart
274,2011,Te Creís La Más Linda... (Pero Me Cagaste La Vida) ,"Productora Audiovisual Don Quijote Films Ltda.,   ",84875329,Fondart
3169,2011,Postproducción Documental Salam ,"Productora Audiovisual Don Quijote Films Limitada,   ",19997925,Fondart
,2011,Tu Nombre Me Sabe A Hierba ,Zetra Comunicaciones S.A.,150000000,Fondart
2053,2011,Carne De Perro ,"Ceneca Producciones,   ",90000000,Fondart
2788,2011,Romance Policial ,"Centro Cultural Antumapu,   ",112605788,Fondart
2715,2011,Matar A Un Hombre ,"Servicios Audiovisuales Limitada,   ",153000000,Fondart
482,2011,Tiempos Malos ,"Nómada Producciones E.I.R.L.,   ",24301573,Fondart
,2011,"Metro Cuadrado ","Las Nenas Gestión Y Producción Cultural,   ",9980468,Fondart
,2011,El Deber De La Sonrisa ,"Azul Producciones S.A.,   ",74012981,Fondart
3316,2011,"La Ciudad De Los Césares","Servicios Audiovisuales Francisco Hervé Espejo Eirl,   ",80585690,Fondart
2048,2011,La Noche De Enfrente ,"Suricato E.I.R.L,   ",152783814,Fondart
1380,2011,El Año Del Tigre ,"Lelio Y Maza Limitada,   ",25000000,Fondart
2094,2011,No ,"Asesorias Y Producciones Fabula Limitada,   ",153000000,Fondart
,2011,En Beneficio Propio ,Zoofilms Y Multimedios Producciones Ltda ,76400885,Fondart
3126,2011,Atrapados En Japon,"Vivienne Barry Animacion Producciones Audiovisuales E.I.R.L,   ",81224168,Fondart
2760,2012,"We Are Sudamerican Beats,La Historia Del Movimiento Electronico En Chile",Trebol 3 Producciones Ltda,81297587,Fondart
2861,2012,Vacaciones En Familia,Producciones El Paseodigital Limitada,101954862,Fondart
2580,2012,Las Analfabetas - Post Producción,Planta Producciones Limitada,30820894,Fondart
2837,2012,R. Lorena,Forastero Producciones Audiovisuales Limitada,96136371,Fondart
,2012,Sentido Común,Asesorías Y Producciones Fabula Limitada,148000000,Fondart
2335,2012,Rosita: La Amante Del Führer,Carnada Films Eirl,35469845,Fondart
,2012,Circo,Alce Producciones Sa,48761696,Fondart
3009,2012,El Bosque ,Productora Ocio Limitada,157250000,Fondart
,2012,El Ojo Del Gato,Productora Atiempo Ltda.,145907200,Fondart
2870,2012,La Visita,Gutierrez Y Rojas Producciones Limitada,152317253,Fondart
,2012,Puerto Viejo,Agencia De Com. Y Productora C Comunica Ltda.,148295563,Fondart
,2012,"Lautaro Eden, Un Heroe Invisible",Comercial Pablo Cortes Santander,58442375,Fondart
2678,2012,Brillantes,Kuku Films Audiovisual S.A.,162000000,Fondart
3419,2012,Shadow Girl,María Teresa Larrain Navarro Producciones,57900000,Fondart
,2012,Cuadernos Del Subsuelo,Alter Producciones Audiovisuales,33200000,Fondart
,2012,Los Elementales,Olguinfilms,119076433,Fondart
2741,2012,Mapa Filmico De Un País,Christopher   Murray García,29996156,Fondart
2564,2012,Puertas Adentro,Gonzalo  Díaz Ugarte,26592252,Fondart
3309,2012,"Documental ""Agua Turbia""",Cristóbal Azócar Mira,29583664,Fondart
75,2006,En La Cama,Bazuca Films Ltda,14277947,Corfo
62,2006,Fuga,Distribuidora Mc Films S.A.,14338962,Corfo
64,2006,La Sagrada Familia,Productora Horamagica Ltda,14335831,Corfo
63,2006,Kiltro,Chilechita Producciones E Inversiones Ltda,14314700,Corfo
,2006,Vernissage,Productora Retaguardia Films Ltda,1303678,Corfo
2781,2006,12 Minutos,Productora Retaguardia Films Ltda,1303678,Corfo
,2006,Llorando Debajo Del Agua,Productora Retaguardia Films Ltda,1303678,Corfo
339,2006,Obreras Saliendo De La Fabrica,Productora Retaguardia Films Ltda,1303678,Corfo
,2006,Lobos,Productora Retaguardia Films Ltda,1303678,Corfo
60,2006,El Rey De Los Huevones,Chilechita Producciones E Inversiones Ltda,14521120,Corfo
66,2006,Padre Nuestro,Producciones Audiovisuales Caco Ltda,14580000,Corfo
54,2006,El Magnifico,Terranova Producciones Ltda,2532500,Corfo
136,2006,Welcome To New York,P+O Ltda,2191944,Corfo
641,2006,"La Hija Del General, Michelle Bachelet",Andres Wood Producciones S.A.,3679000,Corfo
61,2006,El Rey De San Gegorio,Bazuca Films Ltda,13991086,Corfo
289,2007,Opus Dei,Marcela Said,2255000,Corfo
53,2007,El Asesino Entre Nosostros,Jirafa Ltda,2712761,Corfo
52,2007,Casa De Remolienda,Cinembargo Comunicaciones Cine Y Tv Ltda,14454350,Corfo
1811,2007,Monogamo Sucesivo,Portal Basualto Ltda,4411670,Corfo
324,2007,La Ciudad De Los Fotografos,"Barril, Moreno Y Cia Ltda",3765949,Corfo
396,2007,"Reinalda Del Carmen, Mi Mama Y Yo",Errante Producciones Ltda,4515421,Corfo
299,2007,Normal Con Alas,Comercializadora Bf Ltda.,14875000,Corfo
59,2007,Radio Corazón,Producciones Audiovisuales Pueblo Ltda,16000000,Corfo
55,2007,La Vida Me Mata,Asesorias Y Producciones Fabula Ltda,15250000,Corfo
125,2007,Chile Puede,Chile Puede Producciones Ltda,15804231,Corfo
56,2007,Fiesta Patria,Los Filmes De Arcadia Ltda,9743675,Corfo
148,2008,Matar A Todos,Los Filmes De Arcadia,12900000,Corfo
126,2008,Desierto Sur,Comercializadora Bf Ltda.,13865000,Corfo
145,2008,El Brindis,Bf Distribution Ltda.,11680000,Corfo
147,2008,La Buena Vida,Wood Producciones,14937500,Corfo
149,2008,Raza Brava,Los Filmes De Arcadia Ltda.,9280000,Corfo
152,2008,199 Recetas Para Ser Feliz,Retaguardia Films,14500000,Corfo
154,2008,Alicia En El Pais,Mc Films S.A.,8990630,Corfo
135,2008,El Regalo,Producciones Audiovisuales Delirio Films Ltda.,14150000,Corfo
127,2008,"El Cielo, La Tierra Y La Lluvia",Mc Films,10000000,Corfo
130,2008,Muñeca,Bf Distribution Ltda.,14550000,Corfo
48,2008,Seis,Productora Claroscuro Ltda.,3476204,Corfo
150,2008,Héroes Frágiles ,Klan Producción S.A.,2426760,Corfo
144,2008,1973 Revoluciones Por Minuto,Fernando Valenzuela Y Cía Ltda,5488100,Corfo
132,2008,Mirageman,Comercializadora Bf Ltda (Bf Ltda),14728555,Corfo
140,2008,Lokas,Cinecorp Ltda,15000000,Corfo
139,2008,Lo Bueno De Llorar,Quality Films S.A,15000000,Corfo
123,2008,31 Minutos La Pelicula,Mc Films S.A.,14114865,Corfo
849,2008,Prohibido Prohibir,Los Filmes De Arcadia,9650000,Corfo
141,2008,Tony Manero,Asesorias Y Producciones Fabula Ltda,15316667,Corfo
70,2009,Navidad,Producciones Hora Mágica Ltda,14830000,Corfo
49,2009,Grado 3,Comercializadora Bf Ltda,14999168,Corfo
51,2009,Teresa,Gaviola Y García Ltda.,14233000,Corfo
253,2009,All Inclusive,Jazz Films Producciones S.A,12250000,Corfo
108,2009,Dawson Isla 10,Azul Films S.A,13850000,Corfo
242,2009,Turistas,Bf Distribution,11941400,Corfo
94,2009,Retrato De Un Antipoeta,Bf Distribution,4841120,Corfo
244,2009,Ilusiones Opticas,Jirafa Ltda.,14621836,Corfo
157,2009,Super,Comercializadora Bf Ltda,13317314,Corfo
1429,2009,No Me Pidas Que No Lo Lamente,Constanza Fernandez Producciones Eirl,3818221,Corfo
50,2009,Solos,Olguín Y Compañía Ltda.,7189480,Corfo
344,2009,Más Allá De Estos Muros,Pozzola Producciones Ltda,7625453,Corfo
262,2009,El Poder De La Palabra,Servicios Audiovisuales Francisco Hervé Espejo Eirl,7400072,Corfo
245,2009,Huacho,Jirafa Ltda.,11520800,Corfo
137,2010,Santos,Producciones Sobras.Com S.A,13074190,Corfo
397,2010,Tendida Mirando Las Estrellas,Servicios Audiovisuales Christian Aspee Eirl,14868425,Corfo
345,2010,A Un Metro De Ti,Los Filmes De La Arcadia,13300657,Corfo
779,2010,La Vida De Los Peces,Bf Distribution,15000000,Corfo
898,2010,Drama,Bf Distribution,13841063,Corfo
358,2010,Tercer Mundo,Películas Plot Ltda.,11952888,Corfo
789,2010,Ojos Rojos,"Sallato, Larraín Y Sabatini Ltda.",13621566,Corfo
343,2010,Noticias,Perut+Osnovikoff Ltda,6779664,Corfo
888,2010,A La Sombra Del Moai,Zoo Film & Multimedios,9570200,Corfo
890,2010,El Edificio De Los Chilenos,Productora Aplaplac Ltda.,7797808,Corfo
780,2010,Que Pena Tu Vida,Bf Distribution,13475000,Corfo
788,2010,"Mitos Y Leyendas, La Nueva Alianza",Bf Distribution,14947222,Corfo
783,2010,Schopsui,Edgardo Viereck Salinas Eirl,10500000,Corfo
1236,2010,Salvarte,Bernardo Palau Eirl,6559420,Corfo
778,2010,Post Mortem,Bf Distribution,14907410,Corfo
,2010,Viaje Al Big Bang,Educación Interactiva Ltda,14628000,Corfo
635,2010,Manuel De Ribera,Jirafa Ltda.,8650000,Corfo
,2011,Del Rock A La Eternidad,Jirafa Ltda.,9000000,Corfo
782,2011,Babyshower,Comercializadora Bf Limitada,14944287,Corfo
1050,2011,"Portales, La Última Carta","Noe, Ceppi Y Louit Compañía Limitada",9140356,Corfo
787,2011,El Limpiapiscinas,Comercializadora Bf Limitada,13499035,Corfo
,2011,0.1486111111,Comercializadora Bf Limitada,14331006,Corfo
,2011,Metro Cuadrado,La Nenas Gestión Y Producción Cultural Ltda.,7532500,Corfo
1261,2011,La Independencia Inconclusa,Luis R. Vera Producciones Eirl,3276500,Corfo
1344,2011,El Tesoro De América - El Oro De Pascua Lama,Alter Producciones Audiovisuales Ltda,6157185,Corfo
297,2011,La Espera,Calderón Y Fuenzalida Ltda,3240000,Corfo
785,2011,La Muerte De Pinochet,Perut+Osnovikoff Ltda,8965222,Corfo
791,2011,Lucía,Niles Atallah Goncalves Eirl,9647169,Corfo
786,2011,Nostalgia De La Luz,Jirafa Ltda.,9687213,Corfo
1379,2011,Violeta Se Fue A Los Cielos,Comercializadora Bf Limitada,15000000,Corfo
1769,2011,Bombal,Invercine,13725542,Corfo
2048,2011,La Noche De Enfrente,Servicios Audiovisuales Christian Jorge Aspee Aravena E.I.R.L.,13500000,Corfo
1391,2011,Ulises,Comercializadora Bf Limitada,13077620,Corfo
1667,2011,Que Pena Tu Boda,Comercializadora Bf Limitada,15000000,Corfo
1170,2011,Electrodomésticos,Proyecta Producciones Limitada,7114750,Corfo
1709,2011,¿Alguién Ha Visto A Lupita?,Sahara Films Producciones S.A.,14998803,Corfo
114,2011,Sangre Eterna,Angel Films Limitada,10738352,Corfo
1176,2011,Perro Muerto,Malaparte Producciones Ltda,5500758,Corfo
1392,2011,El Mocito,Marcela Paz Said Cares,9270000,Corfo
781,2011,Gatos Viejos,Jirafa Ltda.,12301111,Corfo
1837,2011,Dios Me Libre,El Costillar Films Limitada,9333400,Corfo
1664,2011,Hija,Servicios Audiovisuales María Paz Gonzalez Guzmán Eirl,7763359,Corfo
,2012,Cóndor,Producciones Y Asesorías Spondylus Ltda,11759000,Corfo
1991,2012,El Lenguaje Del Tiempo,Afro Producciones Limitada,10695000,Corfo
1378,2012,Bonsai,Jirafa Ltda,12354111,Corfo
,2012,"Selkirk, El Verdadero Robinson Crusoe",Cineanimadores S.A.,15000000,Corfo
792,2012,La Lección De Pintura,Perelman Y Del Río Producciones Cinematogrñaficas Ltda,10584000,Corfo
949,2012,Bahía Azul,Promoción De Cine Ltda,10397512,Corfo
1982,2012,Joven Y Alocada,Comercializadora Bf Limitada,14998896,Corfo
1098,2012,Mi Último Round,Andres Wood Producciones S.A.,11098000,Corfo
1382,2012,Sal,Comercializadora Bf Limitada,13792713,Corfo
1380,2012,El Año Del Tigre,Comercializadora Bf Limitada,12451440,Corfo
,2012,Los Archivos Del Cardenal Y Cumpleaños,Valcine S.A.,8241550,Corfo
2094,2012,No,Comercializadora Bf Limitada,15000000,Corfo
1753,2012,Palestina Al Sur,Antipoder Spa,5955024,Corfo
1393,2012,El Circuito De Román,Producciones Audiovisuales A Escala Humana Ltda.,8960105,Corfo
1690,2012,Mapa Para Conversar,Constanza Fernández Producciones Eirl,6444404,Corfo
1496,2012,Sentados Frente Al Fuego,Servicios Audiovisuales Ltda.,10393000,Corfo
1846,2012,"Marcelo, La Mafia Y La Estafa",Green Films S.A.,15000000,Corfo
2218,2012,Paseo De Oficina,Comercializadora Bf Limitada,14880000,Corfo
,2012,Creo,Paula Leonvendagar Hurtado Producciones Eirl,11657500,Corfo
2156,2012,Pérez,Producciones Antonia Santa Maria Limitada,7776019,Corfo
2135,2012,Las Mujeres Del Pasajero,El Paseo Digital Limitada,5690000,Corfo
2054,2012,La Mudanza,Tatiana Lorca Producciones Audiovisuales Ltda,6104056,Corfo
870,2012,"Blokes, La Ducha, Quiebre Espontáneo, Memorias Del Viento, Videojuego.",Rojas Y Ugarte Compañía Limitada,6995450,Corfo
1770,2012,Zoológico,Servicios Audiovisuales Ltda.,9352000,Corfo
2168,2012,Il Futuro,Producción Y Distribución De Cine Jirafa Ltda.,14922875,Corfo
1386,2012,Miguel San Miguel,Producción Y Distribución De Cine Jirafa Ltda.,14639611,Corfo
2169,2012,Que Pena Tu Familia,Comercializadora Bf Limitada,14848500,Corfo
2292,2012,El Babysitter,Comercializadora Bf Limitada,14552034,Corfo
2013,2012,De Jueves A Domingo,Forastero Ltda,10800000,Corfo
2224,2012,La Última Estación,Globo Rojo Producciones Limitada,7618952,Corfo
2080,2012,"Caleuche, El Llamado Del Mar",Olguin Y Compañía Ltda,15000000,Corfo
1497,2012,Verano,Producciones Play Ltda.,6522500,Corfo
2134,2012,Dónde Vuelan Los Cóndores,Ck Films Spa,13578424,Corfo
2053,2012,Carne De Perro,Ceneca Producciones Ltda.,11758020,Corfo
,2013,Gleisdreieck,Producciones Macarena Andrea López Bergeret Eirl,5449999,Corfo
2782,2013,La Cacería,Producciones Y Asesorías Spondylus Ltda.,13875000,Corfo
1377,2013,La Pasión De Michelangelo,Esteban Larraín Roa Servicios Audioviduales Eirl,12740910,Corfo
2787,2013,Voces Del Bosque,Olguín Y Compañía Ltda.,15000000,Corfo
3582,2013,Punto De Partida,Manuel Venegas Chaparro,6124602,Corfo
,2013,Bim Bam Bum,Invercine Producciones Ltda.,15000000,Corfo
2273,2013,Las Cosas Son Como Son,Invercine Producciones Ltda.,9282500,Corfo
1395,2013,El Salvavidas,Errante Producciones Ltda.,7486341,Corfo
2377,2013,Gloria,Comercializadora Bf Limitada,13628589,Corfo
2243,2013,Tráiganme La Cabeza De La Mujer Metralleta,Green Films S.A.,11595750,Corfo
2347,2013,"Los Rockers, Rebelde Rock And Roll","Matías Pinochet García, Prestación De Servicios Audiovisuales Y Publicitarios E.I.R.L.",7955450,Corfo
,2013,Adictos Al Claxon,"Sallato, Larraín Y Sabatini Producciones Limitada",10086200,Corfo
2520,2013,Barrio Universitario,Comercializadora Bf Ltda,14999546,Corfo
2740,2013,El Lugar Encantado,Afro Producciones Ltda.,10100000,Corfo
2403,2013,Soy Mucho Mejor Que Vos,Green Films S.A.,13072222,Corfo
3000,2013,Minero,Productora Barrera Y Soto Ltda,4779192,Corfo
,2013,"Asociativo Mercados Internacionales: Que Pena Tu Vida, Que Pena Tu Boda, Que Pena Tu Familia, Las Cosas Como Son, La Mujer De Iván, Ulises Morales, No Eres Tú Soy Yo, Iglú.",Comercializadora Market Chile Ltda,18400000,Corfo
2172,2013,Ulises Morales (Ahora Morales El Reformador),Comerzializadora Market Chile Ltda.,12545000,Corfo
2524,2013,Iglú,Comerzializadora Market Chile Ltda.,5880000,Corfo
2604,2013,Promedio Rojo 2: Mis Peores Amigos,Comerzializadora Market Chile Ltda.,14830633,Corfo
2475,2014,Verano De Los Peces Voladores,Producción Y Distribución Jirafa Ltda.,12813000,Corfo
,2014,Vida Con Ciencia,Productora Audiovisual Rosario Jiménez Gili Eirl,4395555,Corfo
2211,2014,El Incontrolable Mundo Del Azar,Comercializadora Market Chile Ltda.,7411200,Corfo
2647,2014,Mejor Estar Sólo,Comercializadora Market Chile Ltda.,9549225,Corfo
1205,2014,"Aquí Estoy, Aquí No",Dávila Y Stindt Imágenes Ltda.,8400000,Corfo
2637,2014,El Derechazo,Comercializadora Market Chile Limitada,14750000,Corfo
2704,2014,Video Club,Comercializadora Market Chile Limitada,14003646,Corfo
2562,2014,El Tío,Comercializadora Market Chile Limitada,14000000,Corfo
,2014,Pachapulai,Producciones Y Asesoráis Spondylus Ltda.,14275000,Corfo
2706,2014,Mamá Ya Crecí,Comercializadora Market Chile Limitada,13425256,Corfo
2109,2014,Hijo Del Trauco,Ant Fire Productions Spa,13600000,Corfo
2221,2014,09,Asesorías Y Producciones Fábula Ltda.,14448000,Corfo
2564,2014,I Am From Chile,Comercializadora Market Chile Limitada,2900000,Corfo
3321,2014,Neruda Fugitivo,Comercializadora Market Chile Limitada,14480484,Corfo
2738,2014,El Sueño De Todos,S 3D Spa,10390550,Corfo
2381,2014,Crystal Fairy Y El Cactus Mágico,Fundación Cinemachile,9500000,Corfo
2744,2014,El Mago,Agencia De Comunicaciones Y Productora C Comunica Ltda,12950000,Corfo
2741,2014,Propaganda,Diego Pino Comunicación Audiovisual Eirl,4932748,Corfo
2580,2014,Las Analfabetas,Planta Producciones Ltda.,10950000,Corfo
2421,2014,La Comunidad,Errante Producciones Ltda.,7011111,Corfo
2403,2014,Soy Mucho Mejor Que Vos,Audiovisual Don Quijote Films Ltda.,9000000,Corfo
2869,2014,La Invención De La Patria,Producciones Angélica Chamila Rodríquez Ávila Eirl,7504117,Corfo
603,2014,Pueblo Chico Gente Grande,Globo Rojo Producciones Ltda.,6866775,Corfo
,2014,Hostal Morrison I Y Ii / Helados / Korococó / Omm Moo Yoga Para Niños,Bernardita Ojeda Producción Gráfica Y Audiovisual Eirl,5493404,Corfo
2563,2014,El Árbol Magnético,Parox S.A.,10800000,Corfo
1192,2014,El Gran Circo Pobre De Timoteo,Errante Producciones Ltda.,6766110,Corfo
2827,2014,Héroes,Mano De Obra Audiovisual Limitada,15000000,Corfo
2835,2014,Fuerzas Especiales,Comercializadora Market Chile Ltda,14980000,Corfo
2715,2014,Matar A Un Hombre,Servicios Audiovisuales Limitada,14950000,Corfo
2566,2014,Génesis Nirvana,Picardía Films Producciones Ltda.,9749000,Corfo
2607,2014,Volantín Cortao,Científico Loco Producciones Limitada,3564775,Corfo
2038,2014,Apio Verde,Servicios Comunicacionales Camilo Klein Hodar Eirl,7900000,Corfo
2588,2014,Las Niñas Quispe,Fundación Cinemachile,11800000,Corfo
2603,2014,Raíz,Fundación Cinemachile,8180000,Corfo
2833,2014,Aurora,Forastero Producciones Ltda,7500000,Corfo
2525,2014,Ver Y Escuchar,Globo Rojo Producciones Ltda.,7954450,Corfo
2916,2014,Los Jetas,Invercine Producciones Ltda.,8550000,Corfo
,2015,Mar,Cinestación Ltda,5093210,Corfo
3060,2015,Habeas Corpus,Barril Moreno Y Compañía Limitada,9390000,Corfo
3048,2015,Perla,Amores En El Sur Spa,8619100,Corfo
3011,2015,El Club,La Casa ,18000000,Corfo
,2015,Fabulosas Flores,Valcine,17964422,Corfo
3009,2015,El Bosque De Karadima,Market Chile,18000000,Corfo
2853,2015,Allende En Su Laberinto,Market Chile,18000000,Corfo
2483,2015,Desastres Naturales,Gian Carlo Nasi Cañas Producciones Audiovisuales,15236750,Corfo
2861,2015,Vacaciones En Familia,Libélula Post Ltda,14755000,Corfo
,2015,Chile Factory,Audiovisual Don Quijote Films Limitada,17010000,Corfo
2900,2015,La Once,Maite Alberdi Soto Producciones Eirl,16891925,Corfo
3061,2015,Surire,Perut + Osnovikoff Ltda,12649609,Corfo
,2015,Cooking The Continent,Cooking The Continent,8941450,Corfo
3022,2015,En La Gama De Los Grises,Productora Tantan Films Limitada,10731647,Corfo
2836,2015,La Voz En Off,Jirafa,18000000,Corfo
2897,2015,Genoveva,Errante Producciones Ltda.,7105000,Corfo
2914,2015,La Maldición,Market Chile Limitada,16000000,Corfo
2877,2015,Respirar Helado,Producción Audiovisual Luis Ignacio Smok Bustamante E.I.R.L,5726188,Corfo
,2015,Naufragios,Trebol 3 Producciones Limitada,16717064,Corfo
2851,2015,La Madre Del Cordero,Servicio Y Producciones Del Desarrollo Limitada,5354168,Corfo
3079,2015,La Memoria Del Agua,Ceneca Producciones Ltda.,17956793,Corfo
3021,2015,Alende Mi Abuelo Allende,Errante Producciones Ltda.,13280000,Corfo
2837,2015,No Soy Lorena,Forastero Producciones Audiovisuales ,14500000,Corfo
3085,2015,Cuando Respiro,Bengala Films Producciones ,11260863,Corfo
3100,2015,Alma,Market Chile,17250000,Corfo
3150,2015,Nasty Baby,La Casa Producciones Limitada,16000000,Corfo
3164,2015,La Vida Sexual De Las Plantas,A Escala Humana,18000000,Corfo
3014,2015,El Botón De Nácar,Market Chile,18000000,Corfo
3123,2015,El Nombre,Protagonista Films S.A,10286891,Corfo
,2015,Horacio Y Los Plasticines,Zumbastico Studios ,16400000,Corfo
2899,2015,La Comodidad En La Distancia,Words & Facts Films Ltda,3580885,Corfo
,2015,Monocycle,Producciones Y Asesorías Spondylus Ltda,20685707,Corfo
3120,2015,Lusers,Market Chile,13000000,Corfo
3172,2015,Seduccion Fatal,Market Chile,10600000,Corfo
3124,2015,Chicago Boys,La Ventana Cine Limitada,12552293,Corfo
3428,2015,De Repente,Nerco Producciones Limitada,10432100,Corfo
2835,2015,Fuerzas Especiales 2,Market Chile,18000000,Corfo
,2015,Tikitiklip Con Elenco Artesanal,Ojitos Producciones Ltda.,2461000,Corfo
3010,2015,La Mujer De Barro,Producciones Storyboard Media ,5903123,Corfo
,2015,El Hombre Nuevo,Jennifer Walton Buzada Producciones Eirl,4069111,Corfo
3800,2015,La Salamandra,Afro Producciones Ltda,9880000,Corfo
2885,2015,Redentor,Market Chile,6700000,Corfo
3203,2015,Sin Filtro,Market Chile,18000000,Corfo
2785,2015,Historia De Un Oso,Punkrobot Estudio,18000000,Corfo
